<?xml version="1.0" encoding="UTF-8"?>
<!DOCTYPE suite SYSTEM "http://testng.org/testng-1.0.dtd">
<suite name="BDD Test Suite" verbose="1" parallel="tests"
	thread-count="1" configfailurepolicy="continue">


	<listeners>
        <listener class-name="listeners.TestListener"/>
    </listeners>

	<test name="com.arb.aut.tests.mobile.TestARBLoginWithPageFactory" annotations="JDK"
		preserve-order="true">
		<classes>
			<class name="com.arb.aut.tests.mobile.TestARBLoginWithPageFactory" />
		</classes>
	</test>
    
</suite>




    

